<?xml version="1.0" encoding="UTF-8" standalone="yes"?>
<addon id="Repo.MB20" name="MB20" version="1.0.0" provider-name="nzmodbox">
    <extension point="xbmc.addon.repository" name="MB20 Repo">
        <dir>
            <info compressed="false">https://raw.githubusercontent.com/nzmodbox/repo.modbox/master/repo/zips/addons.xml</info>
            <checksum>https://raw.githubusercontent.com/nzmodbox/repo.modbox/master/repo/zips/addons.xml.md5</checksum>
            <datadir zip="true">https://raw.githubusercontent.com/nzmodbox/repo.modbox/master/repo/zips/</datadir>
        </dir>
    </extension>
    <extension point="xbmc.addon.metadata">
        <summary>MB20</summary>
        <description>Modbox repo</description>
        <disclaimer></disclaimer>
        <platform>all</platform>
        <assets>
            <icon>icon.png</icon>
            <fanart>fanart.jpg</fanart>
        </assets>
    </extension>
</addon>